"","Country","Year","Age","D","N"
"1","Japon",2000,0,17439.9,5733427.04
"2","Japon",2000,1,6348.31,23364028.27
"3","Japon",2000,5,3452.78,29777435.66
"4","Japon",2000,10,3295.61,31350124.87
"5","Japon",2000,15,10981.6,35607063.54
"6","Japon",2000,20,17727.49,39194399.58
"7","Japon",2000,25,22728.04,45895574.28
"8","Japon",2000,30,29047.7,45745242.44
"9","Japon",2000,35,35732.2,40447339.75
"10","Japon",2000,40,51316.81,38503383.78
"11","Japon",2000,45,87917.76,41311293.81
"12","Japon",2000,50,176394.58,51204065.82
"13","Japon",2000,55,225101.23,44195507.56
"14","Japon",2000,60,299731.51,40389939.71
"15","Japon",2000,65,428154.46,36355787.89
"16","Japon",2000,70,587438.84,30829451.99
"17","Japon",2000,75,708466.91,22996242.81
"18","Japon",2000,80,756462.35,14136790.38
"19","Japon",2000,85,764519.07,8029043.91
"20","Japon",2000,90,520170.95,3252875.18
"21","Japon",2000,95,177296.4,702665.68
"22","Japon",2000,100,30587.84,81608.18
"23","Japon",2000,105,2029.83,3994.92
"24","Japon",2000,110,50,88.67
"25","Japon",2010,0,11494.89,5159924.37
"26","Japon",2010,1,4551.21,20897424.42
"27","Japon",2010,5,2643.4,27085693.81
"28","Japon",2010,10,2762.76,29147766.95
"29","Japon",2010,15,7016.5,29965883.52
"30","Japon",2010,20,12959.52,30605770.15
"31","Japon",2010,25,16118.67,34415063.72
"32","Japon",2010,30,21660.56,38872159.76
"33","Japon",2010,35,34698.37,46227617.39
"34","Japon",2010,40,51976.22,45998941.09
"35","Japon",2010,45,71252.1,40407984.17
"36","Japon",2010,50,105826.32,38076037.66
"37","Japon",2010,55,171982.17,40438644.26
"38","Japon",2010,60,326533.95,49530400.91
"39","Japon",2010,65,413734.97,41790839.56
"40","Japon",2010,70,562136.01,36662539.07
"41","Japon",2010,75,814574.72,30733373.79
"42","Japon",2010,80,1099876.88,22864856.16
"43","Japon",2010,85,1160436.19,13481582.81
"44","Japon",2010,90,849436.6,5575076.19
"45","Japon",2010,95,408677.29,1583333.59
"46","Japon",2010,100,95588.56,238117.03
"47","Japon",2010,105,7719.88,13752.22
"48","Japon",2010,110,252.15,386.51
"49","Japon",2015,0,9021.75,4718439.15
"50","Japon",2015,1,3474.89,19586471.85
"51","Japon",2015,5,1938.86,26003020.28
"52","Japon",2015,10,2240.35,27224391.37
"53","Japon",2015,15,5876.69,29378215.63
"54","Japon",2015,20,10274.59,29719551.18
"55","Japon",2015,25,11663.42,30556252.53
"56","Japon",2015,30,16277.52,34581293.67
"57","Japon",2015,35,24473.08,39018605.21
"58","Japon",2015,40,44074.54,46245023.19
"59","Japon",2015,45,69620.33,45872224.94
"60","Japon",2015,50,97459.31,40104301.51
"61","Japon",2015,55,139605.94,37582627.39
"62","Japon",2015,60,231251.11,39598047.28
"63","Japon",2015,65,440880.77,47760550.91
"64","Japon",2015,70,564753.98,39341966.14
"65","Japon",2015,75,785633.62,33284757.36
"66","Japon",2015,80,1121626.19,25916566.67
"67","Japon",2015,85,1344497.96,16715515.72
"68","Japon",2015,90,1111466.74,7666462.5
"69","Japon",2015,95,517148.36,2084753.54
"70","Japon",2015,100,124292.33,312365.29
"71","Japon",2015,105,11860.5,21093.59
"72","Japon",2015,110,424.21,589.53
"73","Polonia",2000,0,13445,1831795.63
"74","Polonia",2000,1,2235,7763882.95
"75","Polonia",2000,5,1942,11437257.8
"76","Polonia",2000,10,2632,13822500.64
"77","Polonia",2000,15,7884,16129004.22
"78","Polonia",2000,20,11694,16080490.13
"79","Polonia",2000,25,12006,14675546.84
"80","Polonia",2000,30,14191,12582257.51
"81","Polonia",2000,35,22319,12448128.87
"82","Polonia",2000,40,44561,14634843.02
"83","Polonia",2000,45,77348,15706633.74
"84","Polonia",2000,50,104613,13825491.84
"85","Polonia",2000,55,100518,9201185.4
"86","Polonia",2000,60,130717,8145492.19
"87","Polonia",2000,65,188802,7984839.47
"88","Polonia",2000,70,253155,7050489.76
"89","Polonia",2000,75,284515,5032020.16
"90","Polonia",2000,80,230323,2501252.37
"91","Polonia",2000,85,177166,1134862.94
"92","Polonia",2000,90,109544,452377.05
"93","Polonia",2000,95,26730,75345.99
"94","Polonia",2000,100,2927,6746.98
"95","Polonia",2000,105,187,446.25
"96","Polonia",2000,110,31.99,36.81
"97","Polonia",2010,0,8951,1958323.66
"98","Polonia",2010,1,1559,8222450.68
"99","Polonia",2010,5,1003,9332405.69
"100","Polonia",2010,10,1359,9521252.35
"101","Polonia",2010,15,4970,11347158.5
"102","Polonia",2010,20,8645,13652569.78
"103","Polonia",2010,25,10837,15845493.2
"104","Polonia",2010,30,14276,15861976.17
"105","Polonia",2010,35,20367,14442420.44
"106","Polonia",2010,40,28863,12299267.13
"107","Polonia",2010,45,46290,12017612.1
"108","Polonia",2010,50,89571,13877617.62
"109","Polonia",2010,55,141416,14550321.62
"110","Polonia",2010,60,175674,12403259.6
"111","Polonia",2010,65,156767,7896844.5
"112","Polonia",2010,70,186788,6520446.95
"113","Polonia",2010,75,254943,5733929.87
"114","Polonia",2010,80,311584,4157802.17
"115","Polonia",2010,85,269906,2095041.77
"116","Polonia",2010,90,126745,591416.2
"117","Polonia",2010,95,35237,103869.11
"118","Polonia",2010,100,6361,14378.72
"119","Polonia",2010,105,406,770.49
"120","Polonia",2010,110,28,26.39
"121","Polonia",2015,0,7508,1918292.25
"122","Polonia",2015,1,1214,7709434.04
"123","Polonia",2015,5,927,10262263.61
"124","Polonia",2015,10,1131,9234472.16
"125","Polonia",2015,15,3428,9415634.03
"126","Polonia",2015,20,6411,11243278.59
"127","Polonia",2015,25,9122,13553832.81
"128","Polonia",2015,30,14172,15729907.25
"129","Polonia",2015,35,20473,15734991.91
"130","Polonia",2015,40,29078,14280351.54
"131","Polonia",2015,45,41203,12076133.32
"132","Polonia",2015,50,65121,11674288.12
"133","Polonia",2015,55,119279,13287153.77
"134","Polonia",2015,60,185466,13676079.83
"135","Polonia",2015,65,223233,11372340.94
"136","Polonia",2015,70,192344,7009661.06
"137","Polonia",2015,75,227757,5473669.77
"138","Polonia",2015,80,299386,4332540.26
"139","Polonia",2015,85,313873,2580159.79
"140","Polonia",2015,90,190661,918119.93
"141","Polonia",2015,95,50670,155107.54
"142","Polonia",2015,100,6610,14064.78
"143","Polonia",2015,105,604,991.55
"144","Polonia",2015,110,20,20.5
"145","Chile",2000,0,10435,1168749.39
"146","Chile",2000,1,2165,4736095.73
"147","Chile",2000,5,1342,6578527.5
"148","Chile",2000,10,1625,7081613.97
"149","Chile",2000,15,3381,6457821.66
"150","Chile",2000,20,4941,6018878.19
"151","Chile",2000,25,5608,5970307.96
"152","Chile",2000,30,6633,6008399.36
"153","Chile",2000,35,8600,6134671.77
"154","Chile",2000,40,11177,5669293.18
"155","Chile",2000,45,13917,4565349.68
"156","Chile",2000,50,17739,3788356.01
"157","Chile",2000,55,23227,3074447.13
"158","Chile",2000,60,29502,2536879.72
"159","Chile",2000,65,36714,2014227.07
"160","Chile",2000,70,50051,1696585.55
"161","Chile",2000,75,52479,1126752.02
"162","Chile",2000,80,51563,692663.86
"163","Chile",2000,85,44754,371606.96
"164","Chile",2000,90,25900,134915.01
"165","Chile",2000,95,8275,28119.65
"166","Chile",2000,100,1413,3345.99
"167","Chile",2000,105,111,255.22
"168","Chile",2000,110,22,46.87
"169","Chile",2010,0,9099.15,1226751.58
"170","Chile",2010,1,1455.02,4854640.49
"171","Chile",2010,5,860.01,5782382.4
"172","Chile",2010,10,1124.02,6085329.62
"173","Chile",2010,15,3228.03,6796301.74
"174","Chile",2010,20,4900.07,7231975.8
"175","Chile",2010,25,5066.08,6524907.47
"176","Chile",2010,30,5641.11,6047873.96
"177","Chile",2010,35,7275.14,5967287.56
"178","Chile",2010,40,10454.17,5914103.04
"179","Chile",2010,45,15606.27,5989855.97
"180","Chile",2010,50,21342.38,5436323.12
"181","Chile",2010,55,26884.48,4405407.85
"182","Chile",2010,60,33907.6,3515295.4
"183","Chile",2010,65,43627.76,2807089.08
"184","Chile",2010,70,51787.91,2142699.5
"185","Chile",2010,75,60269.94,1530141.63
"186","Chile",2010,80,71823.07,993097.62
"187","Chile",2010,85,61229.95,512543.02
"188","Chile",2010,90,38668.54,207515.2
"189","Chile",2010,95,15735.2,55574.2
"190","Chile",2010,100,3084.02,7790.4
"191","Chile",2010,105,266,561.02
"192","Chile",2010,110,20,67.63
"193","Chile",2015,0,7714.07,1136368.29
"194","Chile",2015,1,1243,4717362.79
"195","Chile",2015,5,799.03,6024941.07
"196","Chile",2015,10,936.01,5790952.44
"197","Chile",2015,15,2769.05,6192403.69
"198","Chile",2015,20,4383.08,6879020.15
"199","Chile",2015,25,5495.09,7283956.06
"200","Chile",2015,30,5881.1,6547618.93
"201","Chile",2015,35,7124.13,6052233.49
"202","Chile",2015,40,9754.12,5949172.09
"203","Chile",2015,45,13962.21,5846887.44
"204","Chile",2015,50,21335.29,5879825.33
"205","Chile",2015,55,29067.41,5280334.92
"206","Chile",2015,60,36732.49,4261018.39
"207","Chile",2015,65,45295.6,3306388.33
"208","Chile",2015,70,56272.67,2584297.81
"209","Chile",2015,75,64196.76,1847938.6
"210","Chile",2015,80,70605.77,1204053.35
"211","Chile",2015,85,74124.67,630732.51
"212","Chile",2015,90,48619.36,233008.63
"213","Chile",2015,95,19240.11,63106.63
"214","Chile",2015,100,4228.02,9839.07
"215","Chile",2015,105,393,829.99
"216","Chile",2015,110,23,91.18
